# ************************************************************
# Sequel Pro SQL dump
# Version 4541
#
# http://www.sequelpro.com/
# https://github.com/sequelpro/sequelpro
#
# Host: 127.0.0.1 (MySQL 5.5.38)
# Database: inventory
# Generation Time: 2016-12-30 15:06:51 +0000
# ************************************************************


/*!40101 SET @OLD_CHARACTER_SET_CLIENT=@@CHARACTER_SET_CLIENT */;
/*!40101 SET @OLD_CHARACTER_SET_RESULTS=@@CHARACTER_SET_RESULTS */;
/*!40101 SET @OLD_COLLATION_CONNECTION=@@COLLATION_CONNECTION */;
/*!40101 SET NAMES utf8 */;
/*!40014 SET @OLD_FOREIGN_KEY_CHECKS=@@FOREIGN_KEY_CHECKS, FOREIGN_KEY_CHECKS=0 */;
/*!40101 SET @OLD_SQL_MODE=@@SQL_MODE, SQL_MODE='NO_AUTO_VALUE_ON_ZERO' */;
/*!40111 SET @OLD_SQL_NOTES=@@SQL_NOTES, SQL_NOTES=0 */;


# Dump of table operators
# ------------------------------------------------------------

DROP TABLE IF EXISTS `operators`;

CREATE TABLE `operators` (
  `id` char(36) COLLATE utf8_unicode_ci NOT NULL,
  `name` varchar(255) COLLATE utf8_unicode_ci NOT NULL,
  `created_at` timestamp NULL DEFAULT NULL,
  `updated_at` timestamp NULL DEFAULT NULL,
  PRIMARY KEY (`id`)
) ENGINE=InnoDB DEFAULT CHARSET=utf8 COLLATE=utf8_unicode_ci;

LOCK TABLES `operators` WRITE;
/*!40000 ALTER TABLE `operators` DISABLE KEYS */;

INSERT INTO `operators` (`id`, `name`, `created_at`, `updated_at`)
VALUES
	('0deafb10-c931-11e6-a5d5-a72b91db4280','TELKOMSEL','2016-12-23 16:58:40','2016-12-25 12:34:15'),
	('5aa70ee0-ca9e-11e6-a68a-b1a657fb19e8','SMART','2016-12-25 12:33:35','2016-12-25 12:33:35'),
	('7d5ea880-ca9e-11e6-9dec-258e54ec373a','INDOSAT','2016-12-25 12:34:33','2016-12-25 12:34:33'),
	('8571e350-c8ec-11e6-ac03-9b833733ceba','XL AXIATA','2016-12-23 08:48:05','2016-12-25 12:34:21'),
	('899f29e0-c930-11e6-81aa-c9afd9816b89','TRI','2016-12-23 16:54:58','2016-12-25 12:34:18');

/*!40000 ALTER TABLE `operators` ENABLE KEYS */;
UNLOCK TABLES;


# Dump of table product_types
# ------------------------------------------------------------

DROP TABLE IF EXISTS `product_types`;

CREATE TABLE `product_types` (
  `id` char(36) COLLATE utf8_unicode_ci NOT NULL,
  `name` varchar(255) COLLATE utf8_unicode_ci NOT NULL,
  `created_at` timestamp NULL DEFAULT NULL,
  `updated_at` timestamp NULL DEFAULT NULL,
  PRIMARY KEY (`id`)
) ENGINE=InnoDB DEFAULT CHARSET=utf8 COLLATE=utf8_unicode_ci;

LOCK TABLES `product_types` WRITE;
/*!40000 ALTER TABLE `product_types` DISABLE KEYS */;

INSERT INTO `product_types` (`id`, `name`, `created_at`, `updated_at`)
VALUES
	('367308e0-ca20-11e6-b6b8-d9a171148a7f','Voucher Elektrik','2016-12-24 21:30:38','2016-12-24 21:30:38'),
	('41a1e090-ca20-11e6-aa59-9790d231c708','Perdana','2016-12-24 21:30:57','2016-12-24 21:31:14'),
	('733e82c0-ca4d-11e6-b79f-6f373eae22c8','Acc','2016-12-25 02:54:27','2016-12-25 02:55:49'),
	('a401e930-c9f2-11e6-ac56-c9d8b9644e15','Voucher Fisik','2016-12-24 16:04:25','2016-12-24 16:05:56');

/*!40000 ALTER TABLE `product_types` ENABLE KEYS */;
UNLOCK TABLES;


# Dump of table products
# ------------------------------------------------------------

DROP TABLE IF EXISTS `products`;

CREATE TABLE `products` (
  `id` char(36) COLLATE utf8_unicode_ci NOT NULL,
  `name` char(36) COLLATE utf8_unicode_ci NOT NULL DEFAULT '',
  `operator_id` char(36) COLLATE utf8_unicode_ci NOT NULL DEFAULT '0',
  `product_type_id` char(36) COLLATE utf8_unicode_ci DEFAULT NULL,
  `qty` int(11) DEFAULT NULL,
  `buy_price` int(11) unsigned NOT NULL,
  `sell_price` int(11) unsigned NOT NULL,
  `created_at` timestamp NULL DEFAULT NULL,
  `updated_at` timestamp NULL DEFAULT NULL
) ENGINE=InnoDB DEFAULT CHARSET=utf8 COLLATE=utf8_unicode_ci;

LOCK TABLES `products` WRITE;
/*!40000 ALTER TABLE `products` DISABLE KEYS */;

INSERT INTO `products` (`id`, `name`, `operator_id`, `product_type_id`, `qty`, `buy_price`, `sell_price`, `created_at`, `updated_at`)
VALUES
	('e5edbde0-c980-11e6-bfc6-716e9a004642','SP SIMPATI 10K','0deafb10-c931-11e6-a5d5-a72b91db4280','41a1e090-ca20-11e6-aa59-9790d231c708',20,10000,20000,'2016-12-24 02:30:13','2016-12-26 08:11:00'),
	('6258c840-c981-11e6-9739-81a62191326d','SP AS 3G','0deafb10-c931-11e6-a5d5-a72b91db4280','41a1e090-ca20-11e6-aa59-9790d231c708',35,12000,15000,'2016-12-24 02:33:41','2016-12-30 14:13:14'),
	('76633540-c981-11e6-9381-7b930b8368d5','SP AS 4G','0deafb10-c931-11e6-a5d5-a72b91db4280','41a1e090-ca20-11e6-aa59-9790d231c708',34,10000,15000,'2016-12-24 02:34:15','2016-12-30 14:15:54'),
	('8c3e7880-c981-11e6-9934-977831e205f2','SP SIMPATI 5K','0deafb10-c931-11e6-a5d5-a72b91db4280','41a1e090-ca20-11e6-aa59-9790d231c708',8,13500,17000,'2016-12-24 02:34:52','2016-12-24 02:34:52'),
	('a4b91040-c981-11e6-a602-090b61cb4ec1','SP SMART 4G','5aa70ee0-ca9e-11e6-a68a-b1a657fb19e8','41a1e090-ca20-11e6-aa59-9790d231c708',18,10000,15000,'2016-12-24 02:35:33','2016-12-24 03:00:55'),
	('028a15d0-c982-11e6-9f0c-17f56f57af26','SP SMART DATA 2GB','5aa70ee0-ca9e-11e6-a68a-b1a657fb19e8','41a1e090-ca20-11e6-aa59-9790d231c708',4,26000,30000,'2016-12-24 02:38:10','2016-12-24 02:38:10'),
	('b02ee1e0-c982-11e6-aa35-09a9e04c2c55','SP IM3 PULSA 0K','7d5ea880-ca9e-11e6-9dec-258e54ec373a','41a1e090-ca20-11e6-aa59-9790d231c708',71,2500,2500,'2016-12-24 02:43:02','2016-12-24 02:51:38'),
	('4e3353b0-c983-11e6-b9a1-89706e1d8f2d','SP IM3 PULSA 3K','7d5ea880-ca9e-11e6-9dec-258e54ec373a','41a1e090-ca20-11e6-aa59-9790d231c708',66,4500,8000,'2016-12-24 02:47:27','2016-12-24 02:47:27'),
	('757ac9b0-c984-11e6-92d2-bf663a871e0b','SP XL PULSA 3K','8571e350-c8ec-11e6-ac03-9b833733ceba','41a1e090-ca20-11e6-aa59-9790d231c708',31,4000,8000,'2016-12-24 02:55:42','2016-12-24 02:55:42'),
	('0ee6a5a0-c985-11e6-b5c3-11a0385e4e8d','SP AXIS 3K','8571e350-c8ec-11e6-ac03-9b833733ceba','41a1e090-ca20-11e6-aa59-9790d231c708',45,4500,8000,'2016-12-24 02:59:59','2016-12-24 02:59:59'),
	('f6c74360-c986-11e6-ade6-37ceab0e21f4','SP XL 3GB','8571e350-c8ec-11e6-ac03-9b833733ceba','41a1e090-ca20-11e6-aa59-9790d231c708',1,45000,48000,'2016-12-24 03:13:38','2016-12-24 03:13:38'),
	('fea54c60-c986-11e6-aa8c-350228acd40c','SP XL 1GB','8571e350-c8ec-11e6-ac03-9b833733ceba','41a1e090-ca20-11e6-aa59-9790d231c708',3,18000,22000,'2016-12-24 03:13:51','2016-12-24 03:13:51'),
	('087794c0-c987-11e6-a2e3-4dae03bf226d','SP AXIS 1GB','8571e350-c8ec-11e6-ac03-9b833733ceba','41a1e090-ca20-11e6-aa59-9790d231c708',10,15000,18000,'2016-12-24 03:14:08','2016-12-30 14:13:50'),
	('0feeb120-c987-11e6-ba98-ef0d59493fbe','SP AXIS 2GB','8571e350-c8ec-11e6-ac03-9b833733ceba','41a1e090-ca20-11e6-aa59-9790d231c708',71,25000,29000,'2016-12-24 03:14:20','2016-12-27 05:08:44'),
	('1660c8b0-c987-11e6-a2bc-311f2fd820f1','SP AXIS 3GB','8571e350-c8ec-11e6-ac03-9b833733ceba','41a1e090-ca20-11e6-aa59-9790d231c708',3,35000,39000,'2016-12-24 03:14:31','2016-12-24 03:14:31'),
	('23bfcbd0-c987-11e6-957f-17cb1cfc53e9','SP INDOSAT 1GB','7d5ea880-ca9e-11e6-9dec-258e54ec373a','41a1e090-ca20-11e6-aa59-9790d231c708',1,24000,25000,'2016-12-24 03:14:53','2016-12-24 03:14:53'),
	('2d07c4a0-c987-11e6-8023-5be73843e318','SP INDOSAT 2GB','7d5ea880-ca9e-11e6-9dec-258e54ec373a','41a1e090-ca20-11e6-aa59-9790d231c708',2,35000,38000,'2016-12-24 03:15:09','2016-12-24 03:15:09'),
	('3392c5b0-c987-11e6-a53b-a3fd412a3b0b','SP INDOSAT 3GB','7d5ea880-ca9e-11e6-9dec-258e54ec373a','41a1e090-ca20-11e6-aa59-9790d231c708',2,48000,50000,'2016-12-24 03:15:20','2016-12-24 03:15:20'),
	('42a1d540-c987-11e6-80e3-41410a6688d7','SP INDOSAT 13.5GB','7d5ea880-ca9e-11e6-9dec-258e54ec373a','41a1e090-ca20-11e6-aa59-9790d231c708',1,66000,70000,'2016-12-24 03:15:45','2016-12-24 03:15:45'),
	('4d5a42d0-c987-11e6-9b92-d5dac44ce99c','SP SIMPATI 12GB','0deafb10-c931-11e6-a5d5-a72b91db4280','41a1e090-ca20-11e6-aa59-9790d231c708',1,55000,65000,'2016-12-24 03:16:03','2016-12-24 03:16:03'),
	('582e71a0-c987-11e6-bd0b-a34772388495','SP SIMPATI 3GB (1+2 4G)','0deafb10-c931-11e6-a5d5-a72b91db4280','41a1e090-ca20-11e6-aa59-9790d231c708',4,36000,40000,'2016-12-24 03:16:21','2016-12-24 03:16:21'),
	('639b6ad0-c987-11e6-beb8-776ac328a755','SP TRI 1GB','899f29e0-c930-11e6-81aa-c9afd9816b89','41a1e090-ca20-11e6-aa59-9790d231c708',6,20500,21000,'2016-12-24 03:16:41','2016-12-24 03:16:41'),
	('6b31a030-c987-11e6-b58c-fb93e26fd5b1','SP TRI 2GB','899f29e0-c930-11e6-81aa-c9afd9816b89','41a1e090-ca20-11e6-aa59-9790d231c708',11,35000,35000,'2016-12-24 03:16:53','2016-12-24 03:16:53'),
	('7241f9b0-c987-11e6-b8d8-27e6b4f3602e','SP TRI 3GB','899f29e0-c930-11e6-81aa-c9afd9816b89','41a1e090-ca20-11e6-aa59-9790d231c708',3,50000,50000,'2016-12-24 03:17:05','2016-12-24 03:17:05'),
	('85e669e0-c987-11e6-9867-293a4fb05fea','VOUCHER TRI BB SEMINGGU','899f29e0-c930-11e6-81aa-c9afd9816b89','a401e930-c9f2-11e6-ac56-c9d8b9644e15',2,14000,28000,'2016-12-24 03:17:38','2016-12-25 12:21:53'),
	('91d152e0-c987-11e6-b52f-dbc4a37bd78c','VOUCHER TRI 400MB','899f29e0-c930-11e6-81aa-c9afd9816b89','a401e930-c9f2-11e6-ac56-c9d8b9644e15',2,11000,11500,'2016-12-24 03:17:58','2016-12-24 03:17:58'),
	('994103a0-c987-11e6-a9e4-a15459d4174e','VOUCHER TRI 1GB','899f29e0-c930-11e6-81aa-c9afd9816b89','a401e930-c9f2-11e6-ac56-c9d8b9644e15',16,19500,21000,'2016-12-24 03:18:11','2016-12-24 03:18:11'),
	('a1089460-c987-11e6-9a20-59fc3a77c484','VOUCHER TRI 2GB','899f29e0-c930-11e6-81aa-c9afd9816b89','a401e930-c9f2-11e6-ac56-c9d8b9644e15',10,34500,35000,'2016-12-24 03:18:24','2016-12-24 03:18:24'),
	('a85804a0-c987-11e6-8f21-09877f856ba4','VOUCHER TRI 3GB','899f29e0-c930-11e6-81aa-c9afd9816b89','a401e930-c9f2-11e6-ac56-c9d8b9644e15',10,49000,50000,'2016-12-24 03:18:36','2016-12-24 03:18:36'),
	('afde7360-c987-11e6-bf4d-c16070046919','VOUCHER TRI 1K','899f29e0-c930-11e6-81aa-c9afd9816b89','a401e930-c9f2-11e6-ac56-c9d8b9644e15',37,1100,2000,'2016-12-24 03:18:48','2016-12-24 03:20:43'),
	('b741a810-c987-11e6-b989-eff6d3e3b788','VOUCHER TRI 2K','899f29e0-c930-11e6-81aa-c9afd9816b89','a401e930-c9f2-11e6-ac56-c9d8b9644e15',57,2100,3000,'2016-12-24 03:19:01','2016-12-24 03:20:35'),
	('c95de380-c987-11e6-a945-d73c18eed64a','VOUCHER TRI 5K','899f29e0-c930-11e6-81aa-c9afd9816b89','a401e930-c9f2-11e6-ac56-c9d8b9644e15',17,5100,6000,'2016-12-24 03:19:31','2016-12-24 03:19:31'),
	('fd6ffaf0-c987-11e6-ba6f-c5eeec01c29f','VOUCHER TRI 10K','899f29e0-c930-11e6-81aa-c9afd9816b89','a401e930-c9f2-11e6-ac56-c9d8b9644e15',29,10000,11000,'2016-12-24 03:20:59','2016-12-24 03:20:59'),
	('5ddb5510-c988-11e6-975f-27ef3bbe7368','VOUCHER TRI ZERO','899f29e0-c930-11e6-81aa-c9afd9816b89','a401e930-c9f2-11e6-ac56-c9d8b9644e15',0,500,500,'2016-12-24 03:23:40','2016-12-24 03:23:40');

/*!40000 ALTER TABLE `products` ENABLE KEYS */;
UNLOCK TABLES;


# Dump of table purchases
# ------------------------------------------------------------

DROP TABLE IF EXISTS `purchases`;

CREATE TABLE `purchases` (
  `id` char(36) COLLATE utf8_unicode_ci NOT NULL,
  `product_id` char(36) COLLATE utf8_unicode_ci DEFAULT '',
  `qty` int(11) DEFAULT NULL,
  `buy_price` int(11) unsigned NOT NULL,
  `date` date DEFAULT NULL,
  `created_at` timestamp NULL DEFAULT NULL,
  `updated_at` timestamp NULL DEFAULT NULL,
  PRIMARY KEY (`id`)
) ENGINE=InnoDB DEFAULT CHARSET=utf8 COLLATE=utf8_unicode_ci;



# Dump of table sales
# ------------------------------------------------------------

DROP TABLE IF EXISTS `sales`;

CREATE TABLE `sales` (
  `id` char(36) COLLATE utf8_unicode_ci NOT NULL,
  `product_id` char(36) COLLATE utf8_unicode_ci DEFAULT '',
  `qty` int(11) DEFAULT NULL,
  `buy_price` int(11) unsigned NOT NULL,
  `sell_price` int(11) unsigned NOT NULL,
  `date` date DEFAULT NULL,
  `created_at` timestamp NULL DEFAULT NULL,
  `updated_at` timestamp NULL DEFAULT NULL,
  PRIMARY KEY (`id`)
) ENGINE=InnoDB DEFAULT CHARSET=utf8 COLLATE=utf8_unicode_ci;




/*!40111 SET SQL_NOTES=@OLD_SQL_NOTES */;
/*!40101 SET SQL_MODE=@OLD_SQL_MODE */;
/*!40014 SET FOREIGN_KEY_CHECKS=@OLD_FOREIGN_KEY_CHECKS */;
/*!40101 SET CHARACTER_SET_CLIENT=@OLD_CHARACTER_SET_CLIENT */;
/*!40101 SET CHARACTER_SET_RESULTS=@OLD_CHARACTER_SET_RESULTS */;
/*!40101 SET COLLATION_CONNECTION=@OLD_COLLATION_CONNECTION */;
